[{
  "_id": {
    "$oid": "635f9e1cc9bbbcaa00d8652e"
  },
  "name": "Cakes",
  "url_name": "cakes",
  "info": "All the tasty cakes in the site ",
  "img_url": "https://images.pexels.com/photos/2337823/pexels-photo-2337823.jpeg?auto=compress&cs=tinysrgb&w=600",
  "__v": 0
},{
  "_id": {
    "$oid": "635f9ecac9bbbcaa00d86534"
  },
  "name": "Icecream",
  "url_name": "icecream",
  "info": "All the tasty icreams in the site ",
  "img_url": "https://images.pexels.com/photos/1362534/pexels-photo-1362534.jpeg?auto=compress&cs=tinysrgb&w=600",
  "__v": 0
},{
  "_id": {
    "$oid": "635fb4cf6ec4bd536fda0bb2"
  },
  "name": "Cookies",
  "url_name": "cookies",
  "info": "All the tasty icreams in the site ",
  "img_url": "https://images.pexels.com/photos/7966398/pexels-photo-7966398.jpeg?auto=compress&cs=tinysrgb&w=600",
  "__v": 0
}]