[{
  "_id": {
    "$oid": "635fb087ae5a4c33cc3472e2"
  },
  "name": "Vanila cake",
  "info": "Good vanila cake from Tel aviv",
  "kosher": "milk",
  "img_url": "https://images.pexels.com/photos/265801/pexels-photo-265801.jpeg?auto=compress&cs=tinysrgb&w=600",
  "location": "tel aviv",
  "phone": "8329328",
  "date_created": {
    "$date": {
      "$numberLong": "1667215485986"
    }
  },
  "categories_url": "cakes",
  "price": 60,
  "user_nickname": "Moshe's shop",
  "active": true,
  "user_id": "635f946af1e5c76d6ad3dc25",
  "__v": 0
},{
  "_id": {
    "$oid": "635fb33d74a2b0890fd7dbb9"
  },
  "name": "Choclate cake",
  "info": "Good Choclate cake from Tel aviv",
  "kosher": "milk",
  "img_url": "https://images.pexels.com/photos/291528/pexels-photo-291528.jpeg?auto=compress&cs=tinysrgb&w=600",
  "location": "Ramat gan",
  "phone": "8329328",
  "date_created": {
    "$date": {
      "$numberLong": "1667216147246"
    }
  },
  "categories_url": "cakes",
  "price": 50,
  "user_nickname": "Moshe's shop",
  "active": true,
  "user_id": "635f946af1e5c76d6ad3dc25",
  "__v": 0
},{
  "_id": {
    "$oid": "635fb4206ec4bd536fda0bad"
  },
  "name": "Kiwi cake",
  "info": "Good kiwi cake from Tel aviv",
  "kosher": "milk",
  "img_url": "https://images.pexels.com/photos/1277202/pexels-photo-1277202.jpeg?auto=compress&cs=tinysrgb&w=600",
  "location": "Ramat gan",
  "phone": "8329328",
  "date_created": {
    "$date": {
      "$numberLong": "1667216346923"
    }
  },
  "categories_url": "cakes",
  "price": 50,
  "user_nickname": "Moshe's shop",
  "active": true,
  "user_id": "635f946af1e5c76d6ad3dc25",
  "__v": 0
},{
  "_id": {
    "$oid": "635fb4556ec4bd536fda0baf"
  },
  "name": "Lemon cake",
  "info": "Good Lemon cake from Tel aviv",
  "kosher": "Parve",
  "img_url": "https://images.pexels.com/photos/1027811/pexels-photo-1027811.jpeg?auto=compress&cs=tinysrgb&w=600",
  "location": "Ramat gan",
  "phone": "8329328",
  "date_created": {
    "$date": {
      "$numberLong": "1667216346923"
    }
  },
  "categories_url": "cakes",
  "price": 50,
  "user_nickname": "Moshe's shop",
  "active": true,
  "user_id": "635f946af1e5c76d6ad3dc25",
  "__v": 0
},{
  "_id": {
    "$oid": "635fb4e76ec4bd536fda0bb4"
  },
  "name": "Cheese cookies",
  "info": "Good Cheese cookies from Tel aviv",
  "kosher": "Milk",
  "img_url": "https://images.pexels.com/photos/1179002/pexels-photo-1179002.jpeg?auto=compress&cs=tinysrgb&w=600",
  "location": "Ramat gan",
  "phone": "8329328",
  "date_created": {
    "$date": {
      "$numberLong": "1667216346923"
    }
  },
  "categories_url": "cookies",
  "price": 30,
  "user_nickname": "Moshe's shop",
  "active": true,
  "user_id": "635f946af1e5c76d6ad3dc25",
  "__v": 0
},{
  "_id": {
    "$oid": "635fb50f6ec4bd536fda0bb6"
  },
  "name": "Cheese Krasones",
  "info": "Good Cheese krasones cookies from Eilat",
  "kosher": "Milk",
  "img_url": "https://images.pexels.com/photos/7966398/pexels-photo-7966398.jpeg?auto=compress&cs=tinysrgb&w=600",
  "location": "Ramat gan",
  "phone": "8329328",
  "date_created": {
    "$date": {
      "$numberLong": "1667216346923"
    }
  },
  "categories_url": "cookies",
  "price": 40,
  "user_nickname": "Koko's shop",
  "active": true,
  "user_id": "635f946af1e5c76d6ad3dc25",
  "__v": 0
}]